{
        "code" : "432461", 
        "type":"firewall",
        "owner" : "samy",
        "start_time" : "4/18/2014 10:53am",
        "state" : "Rejected",
        "metrics" : {
            "progress":100,
            "result":-1,
            "test":64,
            "maintain":-53,
            "security":64,
            "workmanship":72            
        },
        "build" : {
        	"progress":100 ,
        	"result":1,
        	"build_time":"10:46am - 4/17/2014",
        	"debug":true,
        	"release":true
       	}, 
        "unitTest" : {
        	"progress":100,
        	"result":1,
        	"chart_data":[142,10],
        	"test_passed_percentage":73,
        	"code_covered_percentage":76
        },
        "funcTest" :{ 
        	"progress":100,
        	"result":1,
        	"chart_data":[4321,2145],
        	"test_passed_percentage":68,
        	"code_covered_percentage":23
		}
	}
{
        "code" : "Tenrox-R1_1234", 
        "type":"build",
        "start_time" : "4/18/2014 12:12pm",
        "state" : "Complete",
        "metrics" : {
            "progress":100,
            "result":1,
            "test":64,
            "maintain":53,
            "security":64,
            "workmanship":72            
        },
        "build" : {
        	"progress":100 ,
        	"result":1,
        	"build_time":"10:46am - 4/17/2014",
        	"debug":true,
        	"release":true
       	}, 
        "unitTest" : {
        	"progress":100,
        	"result":1,
        	"chart_data":[142,10],
        	"test_passed_percentage":73,
        	"code_covered_percentage":76
        },
        "funcTest" :{ 
        	"progress":100,
        	"result":1,
        	"chart_data":[4321,2145],
        	"test_passed_percentage":68,
        	"code_covered_percentage":23
		}
	}
{
        "code" : "Tenrox-R1_1235", 
        "type":"build",
        "start_time" : "",
        "state" : "Pending",
        "metrics" : {
            "progress":0,
            "test":0,
            "maintain":0,
            "security":0,
            "workmanship":0            
        },
        "build" : {
        	"progress":0 ,
        	"build_time":"",
        	"debug":false,
        	"release":false
       	}, 
        "unitTest" : {
        	"progress":0,
        	"tests_success":0,
        	"tests_fail":0,
        	"test_passed_percentage":0,
        	"code_covered_percentage":0
        },
        "funcTest" :{ 
        	"progress":0,
        	"tests_success":0,
        	"tests_fail":0,
        	"test_passed_percentage":0,
        	"code_covered_percentage":0
		}
	}
{
        "code" : "432462", 
        "type":"firewall",
        "owner" : "jtuck",
        "start_time" : "4/18/2014 12:12pm",
        "state" : "Running",
        "metrics" : {
            "progress":60,
            "result":0,
            "test":64,
            "maintain":53,
            "security":64,
            "workmanship":72            
        },
        "build" : {
        	"progress":0 ,
        	"build_time":"",
        	"debug":false,
        	"release":false
       	}, 
        "unitTest" : {
        	"progress":0,
        	"chart_data":[],
        	"test_passed_percentage":0,
        	"code_covered_percentage":0
        },
        "funcTest" :{ 
        	"progress":0,
        	"tests_success":0,
        	"tests_fail":0,
        	"test_passed_percentage":0,
        	"code_covered_percentage":0
		}
	}
{
        "code" : "432460", 
        "type":"firewall",
        "owner" : "samy",
        "start_time" : "4/17/2014 7:51am",
        "state" : "Rejected",
        "metrics" : {
            "progress":100,
            "result":-1,
            "test":64,
            "maintain":-53,
            "security":64,
            "workmanship":72            
        },
        "build" : {
        	"progress":0 ,
        	"build_time":"",
        	"debug":true,
        	"release":true
       	}, 
        "unitTest" : {
        	"progress":0,
        	"chart_data":[],
        	"test_passed_percentage":0,
        	"code_covered_percentage":0
        },
        "funcTest" :{ 
        	"progress":0,
        	"chart_data":[],
        	"test_passed_percentage":0,
        	"code_covered_percentage":0
		}
	}
{
        "code" : "432459", 
        "type":"firewall",
        "owner" : "samy",
        "start_time" : "4/16/2014 6:43am",
        "state" : "Accepted",
        "metrics" : {
            "progress":100,
            "result":1,
            "test":64,
            "maintain":53,
            "security":64,
            "workmanship":72            
        },
        "build" : {
        	"progress":100 ,
        	"result":1,
        	"result":0,
        	"build_time":"10:46am - 4/17/2014",
        	"debug":true,
        	"release":true
       	}, 
        "unitTest" : {
        	"progress":100,
        	"result":1,
        	"chart_data":[142,10],
        	"test_passed_percentage":73,
        	"code_covered_percentage":76
        },
        "funcTest" :{ 
        	"progress":100,
        	"result":1,
        	"chart_data":[4321,2145],
        	"test_passed_percentage":68,
        	"code_covered_percentage":23
		}
	}
